Year,DETO riparian,DETO ponderosa,FOLA riparian,JECA ponderosa,KNRI riparian,MORU ponderosa,SCBL riparian,THRO-North riparian,THRO-South riparian,WICA ponderosa
2010,,,,,,X,,,,
2011,,,,X,,,,,,
2012,,,,,,,,,,X
2013,X,X,,,,,,,,
2014,,,X,,X,,X,,,
2015,,,,,,,,X,X,
2016,,,,X,,X,,,,
2017,,,,,,,,,,X
2018,X,X,,,,,,,,
2019,,,X,,X,,X,,,
2020,,,,X,,X,,,,
2021,,,,,,,,,,X
2022,,,,,,,,X,X,
2023,X,X,,,,,,,,
2024,,,X,,X,,X,,,
2025,,,,X,,X,,,,
2026,,,,,,,,X,X,
2027,,,,,,,,,,X
2028,X,X,,,,,,,,
2029,,,X,,X,,X,,,
2030,,,,X,,X,,,,
2031,,,,,,,,X,X,
2032,,,,,,,,,,X
2033,X,X,,,,,,,,
2034,,,X,,X,,X,,,
2035,,,,X,,X,,,,
